Company,Product,Model,Cash Rate,Installment Rate,Advance,Monthly,Remarks,Month,Year
Haier,LED TV,H43K66G 43 Inch,62500,79500,15000,5375,,January,2026
Haier,Refrigerator,HRF-336 EPB,112000,139000,25000,9500,,January,2026
Haier,Air Conditioner,HSU-18HFCF 1.5 Ton,168000,209000,40000,14084,Inverter,January,2026
Dawlance,Refrigerator,9188 WB Avante,134500,168000,30000,11500,,January,2026
Dawlance,Microwave Oven,DW-115 CHZP,31500,39500,8000,2625,,January,2026
PEL,Refrigerator,PRLP-21850 Life Pro,118000,146500,28000,9875,,January,2026
PEL,Deep Freezer,PDF-145 Inverter,89500,112000,20000,7667,,January,2026
Gree,Air Conditioner,GS-18PITH11W Pular,189000,236000,50000,15500,,January,2026
Samsung,LED TV,UA55CU7000 55 Inch 4K,139000,172000,35000,11417,,January,2026
Super Asia,Washing Machine,SA-280 Crystal Wash,24500,31000,6000,2084,,January,2026
